{"cameraMode":{"drawMode":0,"name":"Shaded","section":"Shading Mode"},"sceneLighting":true,"audioPlay":false,"sceneViewState":{"showFog":true,"showMaterialUpdate":false,"showSkybox":true,"showFlares":true,"showImageEffects":true,"showParticleSystems":true},"in2DMode":false,"pivot":{"x":3.28448486328125,"y":0.3635406494140625,"z":-21.227508544921876},"rotation":{"x":0.0013096131151542068,"y":0.9976065158843994,"z":-0.06625143438577652,"w":0.019757138565182687},"size":19.2404727935791,"orthographic":true}